{
  "title": "main",
  "description": "",
  "variables": {
    "currentRow": {
      "type": "get_MyEmps"
    },
    "EmpADP": {
      "type": "vb/ArrayDataProvider2",
      "defaultValue": {
        "itemType": "get_MyEmps",
        "keyAttributes": "id"
      }
    },
    "qualificationsListSDP": {
      "type": "vb/ServiceDataProvider",
      "defaultValue": {
        "endpoint": "businessObjects/getall_Qualifications",
        "keyAttributes": "value",
        "itemsPath": "items",
        "responseType": "getallQualificationsResponse",
        "transformsContext": {
          "vb-textFilterAttributes": [
            "value"
          ]
        }
      }
    }

  },
  "metadata": {},
  "types": {
    "@decorators.get_MyEmps": {
      "endpoint": "get_MyEmps",
      "service": "businessObjects",
      "path": "response"
    },
    "@decorators.getallQualificationsResponse": {
      "endpoint": "getall_Qualifications",
      "service": "businessObjects",
      "path": "response"
    },
    "get_MyEmps": {
      "age": "number",
      "emailAddress": "string",
      "firstName": "string",
      "id": "number",
      "lastName": "string",
      "qualification": "string"
    },
    "getallQualificationsResponse": {
      "items": [
        {
          "value": "string"
        }
      ]
    }
  },
  "eventListeners": {
    "buttonAction": {
      "chains": [
        {
          "chainId": "ButtonActionChain"
        }
      ]
    },
    "buttonAction2": {
      "chains": [
        {
          "chainId": "onDialogSave"
        }
      ]
    },
    "iconClick": {
      "chains": [
        {
          "chainId": "EditIconClickChain",
          "parameters": {
            "key": "{{ $current.key }}",
            "index": "{{ $current.index }}",
            "current": "{{ $current }}"
          }
        }
      ]
    },
    "tableBeforeRowEdit": {
      "chains": [
        {
          "chainId": "TableBeforeRowEditChain",
          "parameters": {
            "rowKey": "{{$event.detail.rowContext.status.rowKey}}",
            "rowIndex": "{{$event.detail.rowContext.status.rowIndex}}",
            "rowData": "{{$event.detail.rowContext.componentElement.getDataForVisibleRow($event.detail.rowContext.status.rowIndex).data}}"
          }
        }
      ]
    },
    "tableBeforeRowEditEnd": {
      "chains": [
        {
          "chainId": "TableBeforeRowEditEndChain",
          "parameters": {
            "cancelEdit": "{{$event.detail.cancelEdit}}",
            "rowKey": "{{$event.detail.rowContext.status.rowKey}}",
            "rowIndex": "{{$event.detail.rowContext.status.rowIndex}}",
            "rowData": "{{$event.detail.rowContext.componentElement.getDataForVisibleRow($event.detail.rowContext.status.rowIndex).data}}"
          }
        }
      ]
    },
    "toggleDrawer": {
      "chains": [
        {
          "chainId": "application:toggleDrawerHandler"
        }
      ]
    },
    "vbEnter": {
      "chains": [
        {
          "parameters": {},
          "chainId": "loadData"
        }
      ]
    }

  },
  "imports": {
    "components": {
      "oj-button": {
        "path": "ojs/ojbutton"
      },
      "oj-dialog": {
        "path": "ojs/ojdialog"
      },
      "oj-form-layout": {
        "path": "ojs/ojformlayout"
      },
      "oj-input-number": {
        "path": "ojs/ojinputnumber"
      },
      "oj-input-text": {
        "path": "ojs/ojinputtext"
      },
      "oj-select-single": {
        "path": "ojs/ojselectsingle"
      },
      "oj-table": {
        "path": "ojs/ojtable"
      }

    },
    "modules": {
      "ojValidationBase": {
        "path": "ojs/ojvalidation-base"
      }
    }
  }
}