{
  "description": "",
  "root": "forEachInEmpADP",
  "actions": {
    "forEachInEmpADP": {
      "module": "vb/action/builtin/forEachAction",
      "parameters": {
        "items": "{{ $page.variables.EmpADP.data }}",
        "actionId": "callRestUpdateMyEmps"
      },
      "outcomes": {
        "success": "fireNotification3"
      }
    },
    "fireNotification": {
      "module": "vb/action/builtin/fireNotificationEventAction",
      "parameters": {
        "target": "leaf",
        "summary": "[[ $chain.results.callRestUpdateMyEmps.message.summary ]]",
        "type": "error",
        "displayMode": "persist"
      }
    },
    "callRestUpdateMyEmps": {
      "module": "vb/action/builtin/restAction",
      "parameters": {
        "endpoint": "businessObjects/update_MyEmps",
        "uriParams": {
          "MyEmps_Id": "{{ $page.variables.EmpADP.data[$current.index].id }}"
        },
        "body": "{{ $page.variables.EmpADP.data[$current.index] }}"
      },
      "outcomes": {
        "failure": "fireNotification"
      }
    },
    "fireNotification3": {
      "module": "vb/action/builtin/fireNotificationEventAction",
      "parameters": {
        "target": "leaf",
        "summary": "Record has been updated",
        "type": "confirmation"
      },
      "outcomes": {
        "success": "callChainLoadData"
      }
    },
    "callChainLoadData": {
      "module": "vb/action/builtin/callChainAction",
      "parameters": {
        "id": "loadData"
      }
    }
  },
  "variables": {}
}