{
  "description": "",
  "root": "callFunctionLogToConsole",
  "actions": {
    "fireDataProviderEventEmpADP": {
      "module": "vb/action/builtin/fireDataProviderEventAction",
      "parameters": {
        "target": "[[ $page.variables.EmpADP ]]",
        "update": {
          "data": "{{ $page.variables.currentRow }}"
        }
      },
      "outcomes": {
        "success": "callComponentOjDialog6631010891Close"
      }
    },
    "callComponentOjDialog6631010891Close": {
      "module": "vb/action/builtin/callComponentMethodAction",
      "parameters": {
        "component": "{{ document.getElementById('oj-dialog-663101089-1') }}",
        "method": "close"
      }
    },
    "callFunctionLogToConsole": {
      "module": "vb/action/builtin/callModuleFunctionAction",
      "parameters": {
        "module": "[[ $application.functions ]]",
        "functionName": "logToConsole",
        "params": [
          "emp adp",
          "{{ $page.variables.EmpADP }}"
        ]
      },
      "outcomes": {
        "success": "callFunctionLogToConsole2"
      }
    },
    "callFunctionLogToConsole2": {
      "module": "vb/action/builtin/callModuleFunctionAction",
      "parameters": {
        "module": "[[ $application.functions ]]",
        "functionName": "logToConsole",
        "params": [
          "current row",
          "{{ $page.variables.currentRow }}"
        ]
      },
      "outcomes": {
        "success": "fireDataProviderEventEmpADP"
      }
    }
  },
  "variables": {}
}