{
  "description": "",
  "root": "fireDataProviderEventEmpADP",
  "actions": {
    "fireDataProviderEventEmpADP": {
      "module": "vb/action/builtin/fireDataProviderEventAction",
      "parameters": {
        "target": "[[ $page.variables.EmpADP ]]",
        "update": {
          "keys": "{{ [ $chain.variables.rowData.id ] }}",
          "data": "{{ [ $chain.variables.rowData ] }}"

        }
      }
    }
  },
  "variables": {
    "cancelEdit": {
      "required": true,
      "type": "any",
      "input": "fromCaller"
    },
    "originalRowData": {
      "type": "get_MyEmps",
      "required": false,
      "input": "fromCaller"
    },
    "rowKey": {
      "required": true,
      "type": "any",
      "input": "fromCaller"
    },
    "rowIndex": {
      "required": true,
      "type": "number",
      "input": "fromCaller"
    },
    "rowData": {

      "type": "get_MyEmps",
      "required": true,
      "input": "fromCaller"
    }

  }
}