{
  "description": "",
  "root": "callFunctionBuildBatchPayload",
  "actions": {

    "fireNotification3": {
      "module": "vb/action/builtin/fireNotificationEventAction",
      "parameters": {
        "target": "leaf",
        "summary": "Record has been updated",
        "type": "confirmation"
      },
      "outcomes": {
        "success": "callChainLoadData"
      }
    },
    "callChainLoadData": {
      "module": "vb/action/builtin/callChainAction",
      "parameters": {
        "id": "loadData"
      }
    },
    "callFunctionBuildBatchPayload": {
      "module": "vb/action/builtin/callModuleFunctionAction",
      "parameters": {
        "module": "[[ $functions ]]",
        "functionName": "buildBatchPayload"
      },
      "outcomes": {
        "success": "fireNotification3"
      }
    }
  },
  "variables": {}
}