{
  "description": "",
  "root": "callFunctionNewArray",
  "actions": {
    "callFunctionNewArray": {
      "module": "vb/action/builtin/callModuleFunctionAction",
      "parameters": {
        "module": "[[ $application.functions ]]",
        "functionName": "newArray",
        "params": [
          "{{ $page.variables.EmpADP.data }}"
        ]
      },
      "outcomes": {
        "success": "assignVariablesEmpADP"
      }
    },
    "assignVariablesEmpADP": {
      "module": "vb/action/builtin/assignVariablesAction",
      "parameters": {
        "$page.variables.EmpADP": {
          "source": {
            "data": "{{ $chain.results.callFunctionNewArray }}"
          },
          "reset": "none",
          "auto": "always"
        }
      }
    }
  },
  "variables": {}
}