{
  "root": "callRestGetallMyEmps",
  "description": "",
  "variables": {},
  "actions": {
    "fireNotification": {
      "module": "vb/action/builtin/fireNotificationEventAction",
      "parameters": {
        "target": "leaf",
        "summary": "[[ $chain.results.callRestGetallMyEmps.message.summary ]]",
        "type": "error",
        "displayMode": "persist"
      }
    },
    "callRestGetallMyEmps": {
      "module": "vb/action/builtin/restAction",
      "parameters": {
        "endpoint": "businessObjects/getall_MyEmps"
      },
      "outcomes": {
        "failure": "fireNotification",
        "success": "assignVariablesEmpADP"
      }
    },
    "assignVariablesEmpADP": {
      "module": "vb/action/builtin/assignVariablesAction",
      "parameters": {
        "$page.variables.EmpADP": {
          "source": {
            "data": "{{ $chain.results.callRestGetallMyEmps.body.items }}"
          },
          "reset": "empty",
          "auto": "always"
        }
      }
    }
  }
}