{
    "fields": [
        {
            "type": "number",
            "name": "id",
            "internal": false,
            "key": true,
            "oid": "f654a28a-9786-4ba4-a405-49bc5cabc1b6",
            "required": true,
            "unique": true,
            "displayLabel": "Id"
        },
        {
            "type": "datetime",
            "name": "creationDate",
            "internal": false,
            "oid": "e97eaa7f-8508-438a-886b-e751043bee59",
            "displayLabel": "Created",
            "historyType": "timeCreated"
        },
        {
            "type": "datetime",
            "name": "lastUpdateDate",
            "internal": false,
            "oid": "56d63023-abf0-462f-a8a1-a898e465e945",
            "displayLabel": "Last Updated",
            "historyType": "timeUpdated"
        },
        {
            "type": "string",
            "name": "createdBy",
            "internal": false,
            "oid": "94f72117-e933-43a7-8fa2-c0d8b66b9ca4",
            "displayLabel": "Created By",
            "historyType": "createdBy"
        },
        {
            "type": "string",
            "name": "lastUpdatedBy",
            "internal": false,
            "oid": "d359a495-017d-45b0-a62f-37f6577e186a",
            "displayLabel": "Last Updated By",
            "historyType": "updatedBy"
        },
{
            "type": "number",
            "name": "versionNumber",
            "internal": false,
            "oid": "f5fa4ee7-b538-44d6-aaf6-17041afa93df",
            "displayLabel": "Version Number",
            "historyType": "versionNumber"
        },
        {
            "type": "string",
            "name": "emailAddress",
            "oid": "480f009b-9b3e-4db4-9e56-536054673b7e",
            "displayLabel": "Email Address",
            "format": "email"
        }        ,
        {
            "type": "string",
            "name": "lastName",
            "oid": "bb620357-2520-4537-88d0-fe04b24bfdea",
            "displayLabel": "Last Name"
        }        ,
        {
            "type": "string",
            "name": "firstName",
            "oid": "4cd48c07-7cd9-4319-9370-8b7c7f80315a",
            "displayLabel": "First Name"
        }        ,
        {
            "type": "number",
            "name": "age",
            "oid": "b2458729-4b0b-41f2-92a8-e1b26876a074",
            "displayLabel": "Age"
        }        ,
        {
            "type": "string",
            "name": "qualification",
            "oid": "8340f92b-2bd4-45c4-bd97-59118f77c512",
            "displayLabel": "Qualification"
        }
    ],
    "name": "MyEmps",
    "oid": "0dc12ac6-9ecc-4e5a-8d61-427b172ebf2a",
    "displayLabel": "My Emps"
}