id,creationDate,lastUpdateDate,createdBy,lastUpdatedBy,value
1,2023-04-03T15:38:02,2023-04-03T15:38:02.008,JOHN.DUNBAR,JOHN.DUNBAR,PhD
2,2023-04-03T15:38:08,2023-04-03T15:38:08.005,JOHN.DUNBAR,JOHN.DUNBAR,MBA
3,2023-04-03T15:38:13,2023-04-03T15:38:13.003,JOHN.DUNBAR,JOHN.DUNBAR,CPA
4,2023-04-03T15:38:17,2023-04-03T15:38:17.007,JOHN.DUNBAR,JOHN.DUNBAR,BS
5,2023-04-03T15:38:21,2023-04-03T15:38:21.004,JOHN.DUNBAR,JOHN.DUNBAR,MS
6,2023-04-03T15:38:28,2023-04-03T15:38:28.009,JOHN.DUNBAR,JOHN.DUNBAR,MSW
