{
    "fields": [
        {
            "type": "number",
            "name": "id",
            "internal": false,
            "key": true,
            "oid": "405143d5-3dab-4cc4-accd-32c7a4cb51d1",
            "required": true,
            "unique": true,
            "displayLabel": "Id"
        },
        {
            "type": "datetime",
            "name": "creationDate",
            "internal": false,
            "oid": "d764577a-602b-441b-a217-8290c38bb86a",
            "displayLabel": "Created",
            "historyType": "timeCreated"
        },
        {
            "type": "datetime",
            "name": "lastUpdateDate",
            "internal": false,
            "oid": "8da3963c-ebb2-4823-94c1-dbf515860ddd",
            "displayLabel": "Last Updated",
            "historyType": "timeUpdated"
        },
        {
            "type": "string",
            "name": "createdBy",
            "internal": false,
            "oid": "8105ffe9-b044-496c-9018-0eed94231c4b",
            "displayLabel": "Created By",
            "historyType": "createdBy"
        },
        {
            "type": "string",
            "name": "lastUpdatedBy",
            "internal": false,
            "oid": "ef1fd351-1ed8-4415-9713-5c885ece4eb2",
            "displayLabel": "Last Updated By",
            "historyType": "updatedBy"
        },
{
            "type": "number",
            "name": "versionNumber",
            "internal": false,
            "oid": "ca5c875f-0541-456f-a3bf-bac2446d860f",
            "displayLabel": "Version Number",
            "historyType": "versionNumber"
        },
        {
            "type": "string",
            "name": "value",
            "oid": "e96d72f2-f667-4194-9a37-a6ab5fbd3f8f",
            "displayLabel": "Value"
        }
    ],
    "name": "Qualifications",
    "oid": "0acc8a2d-a8b2-450f-a7f0-6616e4393aeb",
    "displayLabel": "Qualifications"
}